franchise,property_name,product_line,manufacturer,release_year,wave,item_name,release_type,source_name,source_url,image_url,packaged_image_url,notes
Masters of the Universe,Masters of the Universe,Masterverse,Mattel,2021,Revelation Action Figures Checklist - 1,Evil-Lyn,modern,ActionFigure411,https://www.actionfigure411.com/masters-of-the-universe/masterverse/revelation-action-figures/evil-lyn-2745.php,,https://www.actionfigure411.com/masters-of-the-universe/images/evil-lyn-2745.jpg,ActionFigure411 checklist section: Revelation Action Figures Checklist. Checklist wave/store slot: 1. Checklist retail: $26.99. Packaged image URL inferred from ActionFigure411 item slug pattern and checklist entry.
Masters of the Universe,Masters of the Universe,Masterverse,Mattel,2021,Revelation Action Figures Checklist - 1,He-Man,modern,ActionFigure411,https://www.actionfigure411.com/masters-of-the-universe/masterverse/revelation-action-figures/he-man-2741.php,,https://www.actionfigure411.com/masters-of-the-universe/images/he-man-2741.jpg,ActionFigure411 checklist section: Revelation Action Figures Checklist. Checklist wave/store slot: 1. Checklist retail: $26.99. Packaged image URL inferred from ActionFigure411 item slug pattern and checklist entry.
Masters of the Universe,Masters of the Universe,Masterverse,Mattel,2021,Revelation Action Figures Checklist - 1,Moss Man,modern,ActionFigure411,https://www.actionfigure411.com/masters-of-the-universe/masterverse/revelation-action-figures/moss-man-2744.php,,https://www.actionfigure411.com/masters-of-the-universe/images/moss-man-2744.jpg,ActionFigure411 checklist section: Revelation Action Figures Checklist. Checklist wave/store slot: 1. Checklist retail: $26.99. Packaged image URL inferred from ActionFigure411 item slug pattern and checklist entry.
Masters of the Universe,Masters of the Universe,Masterverse,Mattel,2021,Revelation Action Figures Checklist - 1,Skeletor,modern,ActionFigure411,https://www.actionfigure411.com/masters-of-the-universe/masterverse/revelation-action-figures/skeletor-2743.php,,https://www.actionfigure411.com/masters-of-the-universe/images/skeletor-2743.jpg,ActionFigure411 checklist section: Revelation Action Figures Checklist. Checklist wave/store slot: 1. Checklist retail: $26.99. Packaged image URL inferred from ActionFigure411 item slug pattern and checklist entry.
Masters of the Universe,Masters of the Universe,Masterverse,Mattel,2021,Revelation Action Figures Checklist - 2,Beast Man,modern,ActionFigure411,https://www.actionfigure411.com/masters-of-the-universe/masterverse/revelation-action-figures/beast-man-2746.php,,https://www.actionfigure411.com/masters-of-the-universe/images/beast-man-2746.jpg,ActionFigure411 checklist section: Revelation Action Figures Checklist. Checklist wave/store slot: 2. Checklist retail: $26.99. Packaged image URL inferred from ActionFigure411 item slug pattern and checklist entry.
Masters of the Universe,Masters of the Universe,Masterverse,Mattel,2021,Revelation Action Figures Checklist - 2,Man-at-Arms,modern,ActionFigure411,https://www.actionfigure411.com/masters-of-the-universe/masterverse/revelation-action-figures/man-at-arms-2747.php,,https://www.actionfigure411.com/masters-of-the-universe/images/man-at-arms-2747.jpg,ActionFigure411 checklist section: Revelation Action Figures Checklist. Checklist wave/store slot: 2. Checklist retail: $26.99. Packaged image URL inferred from ActionFigure411 item slug pattern and checklist entry.
Masters of the Universe,Masters of the Universe,Masterverse,Mattel,2021,Revelation Action Figures Checklist - 2,Scare Glow (SDCC),modern,ActionFigure411,https://www.actionfigure411.com/masters-of-the-universe/masterverse/revelation-action-figures/scare-glow-sdcc-2868.php,,https://www.actionfigure411.com/masters-of-the-universe/images/scare-glow-sdcc-2868.jpg,ActionFigure411 checklist section: Revelation Action Figures Checklist. Checklist wave/store slot: 2. Checklist retail: $34.99. Packaged image URL inferred from ActionFigure411 item slug pattern and checklist entry.
Masters of the Universe,Masters of the Universe,Masterverse,Mattel,2021,Revelation Action Figures Checklist - 2,Spikor,modern,ActionFigure411,https://www.actionfigure411.com/masters-of-the-universe/masterverse/revelation-action-figures/spikor-2749.php,,https://www.actionfigure411.com/masters-of-the-universe/images/spikor-2749.jpg,ActionFigure411 checklist section: Revelation Action Figures Checklist. Checklist wave/store slot: 2. Checklist retail: $26.99. Packaged image URL inferred from ActionFigure411 item slug pattern and checklist entry.
Masters of the Universe,Masters of the Universe,Masterverse,Mattel,2021,Revelation Action Figures Checklist - 2,Teela,modern,ActionFigure411,https://www.actionfigure411.com/masters-of-the-universe/masterverse/revelation-action-figures/teela-2748.php,,https://www.actionfigure411.com/masters-of-the-universe/images/teela-2748.jpg,ActionFigure411 checklist section: Revelation Action Figures Checklist. Checklist wave/store slot: 2. Checklist retail: $26.99. Packaged image URL inferred from ActionFigure411 item slug pattern and checklist entry.
Masters of the Universe,Masters of the Universe,Masterverse,Mattel,2021,Revelation Action Figures Checklist - 3,Andra,modern,ActionFigure411,https://www.actionfigure411.com/masters-of-the-universe/masterverse/revelation-action-figures/andra-3478.php,,https://www.actionfigure411.com/masters-of-the-universe/images/andra-3478.jpg,ActionFigure411 checklist section: Revelation Action Figures Checklist. Checklist wave/store slot: 3. Checklist retail: $23.99. Packaged image URL inferred from ActionFigure411 item slug pattern and checklist entry.
Masters of the Universe,Masters of the Universe,Masterverse,Mattel,2021,Revelation Action Figures Checklist - 3,Fisto,modern,ActionFigure411,https://www.actionfigure411.com/masters-of-the-universe/masterverse/revelation-action-figures/fisto-3346.php,,https://www.actionfigure411.com/masters-of-the-universe/images/fisto-3346.jpg,ActionFigure411 checklist section: Revelation Action Figures Checklist. Checklist wave/store slot: 3. Checklist retail: $23.99. Packaged image URL inferred from ActionFigure411 item slug pattern and checklist entry.
Masters of the Universe,Masters of the Universe,Masterverse,Mattel,2021,Revelation Action Figures Checklist - 3,Scareglow,modern,ActionFigure411,https://www.actionfigure411.com/masters-of-the-universe/masterverse/revelation-action-figures/scareglow-4078.php,,https://www.actionfigure411.com/masters-of-the-universe/images/scareglow-4078.jpg,ActionFigure411 checklist section: Revelation Action Figures Checklist. Checklist wave/store slot: 3. Checklist retail: $23.99. Packaged image URL inferred from ActionFigure411 item slug pattern and checklist entry.
Masters of the Universe,Masters of the Universe,Masterverse,Mattel,2021,Revelation Action Figures Checklist - 3,Stinkor,modern,ActionFigure411,https://www.actionfigure411.com/masters-of-the-universe/masterverse/revelation-action-figures/stinkor-3347.php,,https://www.actionfigure411.com/masters-of-the-universe/images/stinkor-3347.jpg,ActionFigure411 checklist section: Revelation Action Figures Checklist. Checklist wave/store slot: 3. Checklist retail: $23.99. Packaged image URL inferred from ActionFigure411 item slug pattern and checklist entry.
Masters of the Universe,Masters of the Universe,Masterverse,Mattel,2021,Revelation Deluxe Checklist - 1,Battle Cat (Deluxe),modern,ActionFigure411,https://www.actionfigure411.com/masters-of-the-universe/masterverse/revelation-deluxe/battle-cat-deluxe-2742.php,,https://www.actionfigure411.com/masters-of-the-universe/images/battle-cat-deluxe-2742.jpg,ActionFigure411 checklist section: Revelation Deluxe Checklist. Checklist wave/store slot: 1. Checklist retail: $39.99. Packaged image URL inferred from ActionFigure411 item slug pattern and checklist entry.
Masters of the Universe,Masters of the Universe,Masterverse,Mattel,2021,Revelation Deluxe Checklist - 1,Skelegod (Deluxe),modern,ActionFigure411,https://www.actionfigure411.com/masters-of-the-universe/masterverse/revelation-deluxe/skelegod-deluxe-2740.php,,https://www.actionfigure411.com/masters-of-the-universe/images/skelegod-deluxe-2740.jpg,ActionFigure411 checklist section: Revelation Deluxe Checklist. Checklist wave/store slot: 1. Checklist retail: $29.99. Packaged image URL inferred from ActionFigure411 item slug pattern and checklist entry.
Masters of the Universe,Masters of the Universe,Masterverse,Mattel,2021,Revelation Deluxe Checklist - 3,Tri-Klops (Deluxe),modern,ActionFigure411,https://www.actionfigure411.com/masters-of-the-universe/masterverse/revelation-deluxe/tri-klops-deluxe-3345.php,,https://www.actionfigure411.com/masters-of-the-universe/images/tri-klops-deluxe-3345.jpg,ActionFigure411 checklist section: Revelation Deluxe Checklist. Checklist wave/store slot: 3. Checklist retail: $34.99. Packaged image URL inferred from ActionFigure411 item slug pattern and checklist entry.
Masters of the Universe,Masters of the Universe,Masterverse,Mattel,2022,40th Anniversary Checklist,He-Man (40th anniversary),modern,ActionFigure411,https://www.actionfigure411.com/masters-of-the-universe/masterverse/40th-anniversary/he-man-40th-anniversary-4220.php,,https://www.actionfigure411.com/masters-of-the-universe/images/he-man-40th-anniversary-4220.jpg,ActionFigure411 checklist section: 40th Anniversary Checklist. Checklist retail: $23.99. Packaged image URL inferred from ActionFigure411 item slug pattern and checklist entry.
Masters of the Universe,Masters of the Universe,Masterverse,Mattel,2022,40th Anniversary Checklist - SDCC,He-Man vs Skeletor,modern,ActionFigure411,https://www.actionfigure411.com/masters-of-the-universe/masterverse/40th-anniversary/he-man-vs-skeletor-5329.php,,https://www.actionfigure411.com/masters-of-the-universe/images/he-man-vs-skeletor-5329.jpg,ActionFigure411 checklist section: 40th Anniversary Checklist. Checklist wave/store slot: SDCC. Checklist retail: $80.00. Packaged image URL inferred from ActionFigure411 item slug pattern and checklist entry.
Masters of the Universe,Masters of the Universe,Masterverse,Mattel,2022,CGI Cartoon Checklist - 5,He-Man (CGI),modern,ActionFigure411,https://www.actionfigure411.com/masters-of-the-universe/masterverse/cgi-cartoon/he-man-cgi-4309.php,,https://www.actionfigure411.com/masters-of-the-universe/images/he-man-cgi-4309.jpg,ActionFigure411 checklist section: CGI Cartoon Checklist. Checklist wave/store slot: 5. Checklist retail: $19.99. Packaged image URL inferred from ActionFigure411 item slug pattern and checklist entry.
Masters of the Universe,Masters of the Universe,Masterverse,Mattel,2022,CGI Cartoon Checklist - 5,Skeletor (CGI),modern,ActionFigure411,https://www.actionfigure411.com/masters-of-the-universe/masterverse/cgi-cartoon/skeletor-cgi-4310.php,,https://www.actionfigure411.com/masters-of-the-universe/images/skeletor-cgi-4310.jpg,ActionFigure411 checklist section: CGI Cartoon Checklist. Checklist wave/store slot: 5. Checklist retail: $19.99. Packaged image URL inferred from ActionFigure411 item slug pattern and checklist entry.
Masters of the Universe,Masters of the Universe,Masterverse,Mattel,2022,New Adventures Checklist - 7,He-Man (Galactic Protector),modern,ActionFigure411,https://www.actionfigure411.com/masters-of-the-universe/masterverse/new-adventures/he-man-galactic-protector-5330.php,,https://www.actionfigure411.com/masters-of-the-universe/images/he-man-galactic-protector-5330.jpg,ActionFigure411 checklist section: New Adventures Checklist. Checklist wave/store slot: 7. Checklist retail: $21.99. Packaged image URL inferred from ActionFigure411 item slug pattern and checklist entry.
Masters of the Universe,Masters of the Universe,Masterverse,Mattel,2022,New Eternia Checklist - 4,Barbarian Skeletor,modern,ActionFigure411,https://www.actionfigure411.com/masters-of-the-universe/masterverse/new-eternia/barbarian-skeletor-4070.php,,https://www.actionfigure411.com/masters-of-the-universe/images/barbarian-skeletor-4070.jpg,ActionFigure411 checklist section: New Eternia Checklist. Checklist wave/store slot: 4. Checklist retail: $23.99. Packaged image URL inferred from ActionFigure411 item slug pattern and checklist entry.
Masters of the Universe,Masters of the Universe,Masterverse,Mattel,2022,New Eternia Checklist - 4,Beast Man (New Eternia),modern,ActionFigure411,https://www.actionfigure411.com/masters-of-the-universe/masterverse/new-eternia/beast-man-new-eternia-4222.php,,https://www.actionfigure411.com/masters-of-the-universe/images/beast-man-new-eternia-4222.jpg,ActionFigure411 checklist section: New Eternia Checklist. Checklist wave/store slot: 4. Checklist retail: $23.99. Packaged image URL inferred from ActionFigure411 item slug pattern and checklist entry.
Masters of the Universe,Masters of the Universe,Masterverse,Mattel,2022,New Eternia Checklist - 4,Viking He-Man,modern,ActionFigure411,https://www.actionfigure411.com/masters-of-the-universe/masterverse/new-eternia/viking-he-man-4068.php,,https://www.actionfigure411.com/masters-of-the-universe/images/viking-he-man-4068.jpg,ActionFigure411 checklist section: New Eternia Checklist. Checklist wave/store slot: 4. Checklist retail: $23.99. Packaged image URL inferred from ActionFigure411 item slug pattern and checklist entry.
Masters of the Universe,Masters of the Universe,Masterverse,Mattel,2022,New Eternia Checklist - 5,Zodac,modern,ActionFigure411,https://www.actionfigure411.com/masters-of-the-universe/masterverse/new-eternia/zodac-4221.php,,https://www.actionfigure411.com/masters-of-the-universe/images/zodac-4221.jpg,ActionFigure411 checklist section: New Eternia Checklist. Checklist wave/store slot: 5. Checklist retail: $23.99. Packaged image URL inferred from ActionFigure411 item slug pattern and checklist entry.
Masters of the Universe,Masters of the Universe,Masterverse,Mattel,2022,New Eternia Checklist - 6,He-Man (Battle Armor),modern,ActionFigure411,https://www.actionfigure411.com/masters-of-the-universe/masterverse/new-eternia/he-man-battle-armor-4225.php,,https://www.actionfigure411.com/masters-of-the-universe/images/he-man-battle-armor-4225.jpg,ActionFigure411 checklist section: New Eternia Checklist. Checklist wave/store slot: 6. Checklist retail: $21.48. Packaged image URL inferred from ActionFigure411 item slug pattern and checklist entry.
Masters of the Universe,Masters of the Universe,Masterverse,Mattel,2022,New Eternia Checklist - 6,Jitsu,modern,ActionFigure411,https://www.actionfigure411.com/masters-of-the-universe/masterverse/new-eternia/jitsu-4227.php,,https://www.actionfigure411.com/masters-of-the-universe/images/jitsu-4227.jpg,ActionFigure411 checklist section: New Eternia Checklist. Checklist wave/store slot: 6. Checklist retail: $23.99. Packaged image URL inferred from ActionFigure411 item slug pattern and checklist entry.
Masters of the Universe,Masters of the Universe,Masterverse,Mattel,2022,Princess of Power Checklist - 5,Catra,modern,ActionFigure411,https://www.actionfigure411.com/masters-of-the-universe/masterverse/princess-of-power/catra-4219.php,,https://www.actionfigure411.com/masters-of-the-universe/images/catra-4219.jpg,ActionFigure411 checklist section: Princess of Power Checklist. Checklist wave/store slot: 5. Checklist retail: $23.99. Packaged image URL inferred from ActionFigure411 item slug pattern and checklist entry.
Masters of the Universe,Masters of the Universe,Masterverse,Mattel,2022,Princess of Power Checklist - 5,Hordak (Deluxe),modern,ActionFigure411,https://www.actionfigure411.com/masters-of-the-universe/masterverse/princess-of-power/hordak-deluxe-4228.php,,https://www.actionfigure411.com/masters-of-the-universe/images/hordak-deluxe-4228.jpg,ActionFigure411 checklist section: Princess of Power Checklist. Checklist wave/store slot: 5. Checklist retail: $34.99. Packaged image URL inferred from ActionFigure411 item slug pattern and checklist entry.
Masters of the Universe,Masters of the Universe,Masterverse,Mattel,2022,Princess of Power Checklist - 5,She-Ra (Deluxe),modern,ActionFigure411,https://www.actionfigure411.com/masters-of-the-universe/masterverse/princess-of-power/she-ra-deluxe-4226.php,,https://www.actionfigure411.com/masters-of-the-universe/images/she-ra-deluxe-4226.jpg,ActionFigure411 checklist section: Princess of Power Checklist. Checklist wave/store slot: 5. Checklist retail: $34.99. Packaged image URL inferred from ActionFigure411 item slug pattern and checklist entry.
Masters of the Universe,Masters of the Universe,Masterverse,Mattel,2022,Revelation Action Figures Checklist - 4,Mer-Man,modern,ActionFigure411,https://www.actionfigure411.com/masters-of-the-universe/masterverse/revelation-action-figures/mer-man-4071.php,,https://www.actionfigure411.com/masters-of-the-universe/images/mer-man-4071.jpg,ActionFigure411 checklist section: Revelation Action Figures Checklist. Checklist wave/store slot: 4. Checklist retail: $23.99. Packaged image URL inferred from ActionFigure411 item slug pattern and checklist entry.
Masters of the Universe,Masters of the Universe,Masterverse,Mattel,2022,Revelation Action Figures Checklist - 4,Teela (Classic),modern,ActionFigure411,https://www.actionfigure411.com/masters-of-the-universe/masterverse/revelation-action-figures/teela-classic-3905.php,,https://www.actionfigure411.com/masters-of-the-universe/images/teela-classic-3905.jpg,ActionFigure411 checklist section: Revelation Action Figures Checklist. Checklist wave/store slot: 4. Checklist retail: $23.99. Packaged image URL inferred from ActionFigure411 item slug pattern and checklist entry.
Masters of the Universe,Masters of the Universe,Masterverse,Mattel,2022,Revelation Action Figures Checklist - 6,He-Ro,modern,ActionFigure411,https://www.actionfigure411.com/masters-of-the-universe/masterverse/revelation-action-figures/he-ro-4224.php,,https://www.actionfigure411.com/masters-of-the-universe/images/he-ro-4224.jpg,ActionFigure411 checklist section: Revelation Action Figures Checklist. Checklist wave/store slot: 6. Checklist retail: $23.99. Packaged image URL inferred from ActionFigure411 item slug pattern and checklist entry.
Masters of the Universe,Masters of the Universe,Masterverse,Mattel,2022,Revelation Deluxe Checklist - 2,Faker (Deluxe),modern,ActionFigure411,https://www.actionfigure411.com/masters-of-the-universe/masterverse/revelation-deluxe/faker-deluxe-2856.php,,https://www.actionfigure411.com/masters-of-the-universe/images/faker-deluxe-2856.jpg,ActionFigure411 checklist section: Revelation Deluxe Checklist. Checklist wave/store slot: 2. Checklist retail: $29.99. Packaged image URL inferred from ActionFigure411 item slug pattern and checklist entry.
Masters of the Universe,Masters of the Universe,Masterverse,Mattel,2022,Revelation Deluxe Checklist - 2,Savage He-Man and Orko (Deluxe),modern,ActionFigure411,https://www.actionfigure411.com/masters-of-the-universe/masterverse/revelation-deluxe/savage-he-man-and-orko-deluxe-3464.php,,https://www.actionfigure411.com/masters-of-the-universe/images/savage-he-man-and-orko-deluxe-3464.jpg,ActionFigure411 checklist section: Revelation Deluxe Checklist. Checklist wave/store slot: 2. Checklist retail: $34.99. Packaged image URL inferred from ActionFigure411 item slug pattern and checklist entry.
Masters of the Universe,Masters of the Universe,Masterverse,Mattel,2022,Revelation Deluxe Checklist - 4,King Grayskull (Deluxe),modern,ActionFigure411,https://www.actionfigure411.com/masters-of-the-universe/masterverse/revelation-deluxe/king-grayskull-deluxe-3906.php,,https://www.actionfigure411.com/masters-of-the-universe/images/king-grayskull-deluxe-3906.jpg,ActionFigure411 checklist section: Revelation Deluxe Checklist. Checklist wave/store slot: 4. Checklist retail: $29.99. Packaged image URL inferred from ActionFigure411 item slug pattern and checklist entry.
Masters of the Universe,Masters of the Universe,Masterverse,Mattel,2022,Revelation Deluxe Checklist - 4,Trap Jaw (Deluxe),modern,ActionFigure411,https://www.actionfigure411.com/masters-of-the-universe/masterverse/revelation-deluxe/trap-jaw-deluxe-3344.php,,https://www.actionfigure411.com/masters-of-the-universe/images/trap-jaw-deluxe-3344.jpg,ActionFigure411 checklist section: Revelation Deluxe Checklist. Checklist wave/store slot: 4. Checklist retail: $34.99. Packaged image URL inferred from ActionFigure411 item slug pattern and checklist entry.
Masters of the Universe,Masters of the Universe,Masterverse,Mattel,2022,Rulers of the Sun Checklist - 6,Sun-Man (Rulers of the Sun),modern,ActionFigure411,https://www.actionfigure411.com/masters-of-the-universe/masterverse/rulers-of-the-sun/sun-man-rulers-of-the-sun-4223.php,,https://www.actionfigure411.com/masters-of-the-universe/images/sun-man-rulers-of-the-sun-4223.jpg,ActionFigure411 checklist section: Rulers of the Sun Checklist. Checklist wave/store slot: 6. Checklist retail: $23.99. Packaged image URL inferred from ActionFigure411 item slug pattern and checklist entry.
Masters of the Universe,Masters of the Universe,Masterverse,Mattel,2023,Movie Checklist,He-Man (Deluxe),modern,ActionFigure411,https://www.actionfigure411.com/masters-of-the-universe/masterverse/movie/he-man-deluxe-5331.php,,https://www.actionfigure411.com/masters-of-the-universe/images/he-man-deluxe-5331.jpg,ActionFigure411 checklist section: Movie Checklist. Checklist retail: $36.99. Packaged image URL inferred from ActionFigure411 item slug pattern and checklist entry.
Masters of the Universe,Masters of the Universe,Masterverse,Mattel,2023,Movie Checklist,Skeletor (Deluxe),modern,ActionFigure411,https://www.actionfigure411.com/masters-of-the-universe/masterverse/movie/skeletor-deluxe-5332.php,,https://www.actionfigure411.com/masters-of-the-universe/images/skeletor-deluxe-5332.jpg,ActionFigure411 checklist section: Movie Checklist. Checklist retail: $36.99. Packaged image URL inferred from ActionFigure411 item slug pattern and checklist entry.
Masters of the Universe,Masters of the Universe,Masterverse,Mattel,2023,New Adventures Checklist,Skeletor (Exclusive),modern,ActionFigure411,https://www.actionfigure411.com/masters-of-the-universe/masterverse/new-adventures/skeletor-exclusive-5336.php,,https://www.actionfigure411.com/masters-of-the-universe/images/skeletor-exclusive-5336.jpg,ActionFigure411 checklist section: New Adventures Checklist. Checklist retail: $21.99. Packaged image URL inferred from ActionFigure411 item slug pattern and checklist entry.
Masters of the Universe,Masters of the Universe,Masterverse,Mattel,2023,New Adventures Checklist,Slush Head (Deluxe),modern,ActionFigure411,https://www.actionfigure411.com/masters-of-the-universe/masterverse/new-adventures/slush-head-deluxe-6233.php,,https://www.actionfigure411.com/masters-of-the-universe/images/slush-head-deluxe-6233.jpg,ActionFigure411 checklist section: New Adventures Checklist. Checklist retail: $32.99. Packaged image URL inferred from ActionFigure411 item slug pattern and checklist entry.
Masters of the Universe,Masters of the Universe,Masterverse,Mattel,2023,New Eternia Checklist,Clawful (Deluxe),modern,ActionFigure411,https://www.actionfigure411.com/masters-of-the-universe/masterverse/new-eternia/clawful-deluxe-6224.php,,https://www.actionfigure411.com/masters-of-the-universe/images/clawful-deluxe-6224.jpg,ActionFigure411 checklist section: New Eternia Checklist. Checklist retail: $34.99. Packaged image URL inferred from ActionFigure411 item slug pattern and checklist entry.
Masters of the Universe,Masters of the Universe,Masterverse,Mattel,2023,New Eternia Checklist,Ram Man (Deluxe),modern,ActionFigure411,https://www.actionfigure411.com/masters-of-the-universe/masterverse/new-eternia/ram-man-deluxe-6211.php,,https://www.actionfigure411.com/masters-of-the-universe/images/ram-man-deluxe-6211.jpg,ActionFigure411 checklist section: New Eternia Checklist. Checklist retail: $34.99. Packaged image URL inferred from ActionFigure411 item slug pattern and checklist entry.
Masters of the Universe,Masters of the Universe,Masterverse,Mattel,2023,New Eternia Checklist,Whiplash,modern,ActionFigure411,https://www.actionfigure411.com/masters-of-the-universe/masterverse/new-eternia/whiplash-6831.php,,https://www.actionfigure411.com/masters-of-the-universe/images/whiplash-6831.jpg,ActionFigure411 checklist section: New Eternia Checklist. Checklist retail: $32.99. Packaged image URL inferred from ActionFigure411 item slug pattern and checklist entry.
Masters of the Universe,Masters of the Universe,Masterverse,Mattel,2023,New Eternia Checklist - 10,Webstor,modern,ActionFigure411,https://www.actionfigure411.com/masters-of-the-universe/masterverse/new-eternia/webstor-6230.php,,https://www.actionfigure411.com/masters-of-the-universe/images/webstor-6230.jpg,ActionFigure411 checklist section: New Eternia Checklist. Checklist wave/store slot: 10. Checklist retail: $24.99. Packaged image URL inferred from ActionFigure411 item slug pattern and checklist entry.
Masters of the Universe,Masters of the Universe,Masterverse,Mattel,2023,New Eternia Checklist - 7,Man-E-Faces (Deluxe),modern,ActionFigure411,https://www.actionfigure411.com/masters-of-the-universe/masterverse/new-eternia/man-e-faces-deluxe-5368.php,,https://www.actionfigure411.com/masters-of-the-universe/images/man-e-faces-deluxe-5368.jpg,ActionFigure411 checklist section: New Eternia Checklist. Checklist wave/store slot: 7. Checklist retail: $23.99. Packaged image URL inferred from ActionFigure411 item slug pattern and checklist entry.
Masters of the Universe,Masters of the Universe,Masterverse,Mattel,2023,New Eternia Checklist - 7,Stratos,modern,ActionFigure411,https://www.actionfigure411.com/masters-of-the-universe/masterverse/new-eternia/stratos-5059.php,,https://www.actionfigure411.com/masters-of-the-universe/images/stratos-5059.jpg,ActionFigure411 checklist section: New Eternia Checklist. Checklist wave/store slot: 7. Checklist retail: $24.99. Packaged image URL inferred from ActionFigure411 item slug pattern and checklist entry.
Masters of the Universe,Masters of the Universe,Masterverse,Mattel,2023,New Eternia Checklist - 7,Two Bad (Deluxe),modern,ActionFigure411,https://www.actionfigure411.com/masters-of-the-universe/masterverse/new-eternia/two-bad-deluxe-5369.php,,https://www.actionfigure411.com/masters-of-the-universe/images/two-bad-deluxe-5369.jpg,ActionFigure411 checklist section: New Eternia Checklist. Checklist wave/store slot: 7. Checklist retail: $23.99. Packaged image URL inferred from ActionFigure411 item slug pattern and checklist entry.
Masters of the Universe,Masters of the Universe,Masterverse,Mattel,2023,New Eternia Checklist - 9,Buzz-Off,modern,ActionFigure411,https://www.actionfigure411.com/masters-of-the-universe/masterverse/new-eternia/buzz-off-6228.php,,https://www.actionfigure411.com/masters-of-the-universe/images/buzz-off-6228.jpg,ActionFigure411 checklist section: New Eternia Checklist. Checklist wave/store slot: 9. Checklist retail: $24.99. Packaged image URL inferred from ActionFigure411 item slug pattern and checklist entry.
Masters of the Universe,Masters of the Universe,Masterverse,Mattel,2023,New Eternia Checklist - 9,Faker,modern,ActionFigure411,https://www.actionfigure411.com/masters-of-the-universe/masterverse/new-eternia/faker-6226.php,,https://www.actionfigure411.com/masters-of-the-universe/images/faker-6226.jpg,ActionFigure411 checklist section: New Eternia Checklist. Checklist wave/store slot: 9. Checklist retail: $24.99. Packaged image URL inferred from ActionFigure411 item slug pattern and checklist entry.
Masters of the Universe,Masters of the Universe,Masterverse,Mattel,2023,New Eternia Checklist - Creations,Snout Spout,modern,ActionFigure411,https://www.actionfigure411.com/masters-of-the-universe/masterverse/new-eternia/snout-spout-8165.php,,https://www.actionfigure411.com/masters-of-the-universe/images/snout-spout-8165.jpg,ActionFigure411 checklist section: New Eternia Checklist. Checklist wave/store slot: Creations. Checklist retail: $33.00. Packaged image URL inferred from ActionFigure411 item slug pattern and checklist entry.
Masters of the Universe,Masters of the Universe,Masterverse,Mattel,2023,New Eternia Checklist - Creations,Vykron,modern,ActionFigure411,https://www.actionfigure411.com/masters-of-the-universe/masterverse/new-eternia/vykron-6867.php,,https://www.actionfigure411.com/masters-of-the-universe/images/vykron-6867.jpg,ActionFigure411 checklist section: New Eternia Checklist. Checklist wave/store slot: Creations. Checklist retail: $35.00. Packaged image URL inferred from ActionFigure411 item slug pattern and checklist entry.
Masters of the Universe,Masters of the Universe,Masterverse,Mattel,2023,Princess of Power Checklist - 7,Frosta,modern,ActionFigure411,https://www.actionfigure411.com/masters-of-the-universe/masterverse/princess-of-power/frosta-5298.php,,https://www.actionfigure411.com/masters-of-the-universe/images/frosta-5298.jpg,ActionFigure411 checklist section: Princess of Power Checklist. Checklist wave/store slot: 7. Checklist retail: $24.99. Packaged image URL inferred from ActionFigure411 item slug pattern and checklist entry.
Masters of the Universe,Masters of the Universe,Masterverse,Mattel,2023,Princess of Power Checklist - 8,Shadow Weaver,modern,ActionFigure411,https://www.actionfigure411.com/masters-of-the-universe/masterverse/princess-of-power/shadow-weaver-5568.php,,https://www.actionfigure411.com/masters-of-the-universe/images/shadow-weaver-5568.jpg,ActionFigure411 checklist section: Princess of Power Checklist. Checklist wave/store slot: 8. Checklist retail: $26.99. Packaged image URL inferred from ActionFigure411 item slug pattern and checklist entry.
Masters of the Universe,Masters of the Universe,Masterverse,Mattel,2023,Princess of Power Checklist - 9,Grizzlor,modern,ActionFigure411,https://www.actionfigure411.com/masters-of-the-universe/masterverse/princess-of-power/grizzlor-6227.php,,https://www.actionfigure411.com/masters-of-the-universe/images/grizzlor-6227.jpg,ActionFigure411 checklist section: Princess of Power Checklist. Checklist wave/store slot: 9. Checklist retail: $24.99. Packaged image URL inferred from ActionFigure411 item slug pattern and checklist entry.
Masters of the Universe,Masters of the Universe,Masterverse,Mattel,2023,Revelation Action Figures Checklist - 10,Clamp Champ,modern,ActionFigure411,https://www.actionfigure411.com/masters-of-the-universe/masterverse/revelation-action-figures/clamp-champ-6232.php,,https://www.actionfigure411.com/masters-of-the-universe/images/clamp-champ-6232.jpg,ActionFigure411 checklist section: Revelation Action Figures Checklist. Checklist wave/store slot: 10. Checklist retail: $24.99. Packaged image URL inferred from ActionFigure411 item slug pattern and checklist entry.
Masters of the Universe,Masters of the Universe,Masterverse,Mattel,2023,Revelation Action Figures Checklist - 10,Horde Skeletor,modern,ActionFigure411,https://www.actionfigure411.com/masters-of-the-universe/masterverse/revelation-action-figures/horde-skeletor-6231.php,,https://www.actionfigure411.com/masters-of-the-universe/images/horde-skeletor-6231.jpg,ActionFigure411 checklist section: Revelation Action Figures Checklist. Checklist wave/store slot: 10. Checklist retail: $24.99. Packaged image URL inferred from ActionFigure411 item slug pattern and checklist entry.
Masters of the Universe,Masters of the Universe,Masterverse,Mattel,2023,Revelation Action Figures Checklist - 10,Prince Adam,modern,ActionFigure411,https://www.actionfigure411.com/masters-of-the-universe/masterverse/revelation-action-figures/prince-adam-6229.php,,https://www.actionfigure411.com/masters-of-the-universe/images/prince-adam-6229.jpg,ActionFigure411 checklist section: Revelation Action Figures Checklist. Checklist wave/store slot: 10. Checklist retail: $24.99. Packaged image URL inferred from ActionFigure411 item slug pattern and checklist entry.
Masters of the Universe,Masters of the Universe,Masterverse,Mattel,2023,Revelation Action Figures Checklist - 7,Evil-Lyn (Skelesorc),modern,ActionFigure411,https://www.actionfigure411.com/masters-of-the-universe/masterverse/revelation-action-figures/evil-lyn-skelesorc-5297.php,,https://www.actionfigure411.com/masters-of-the-universe/images/evil-lyn-skelesorc-5297.jpg,ActionFigure411 checklist section: Revelation Action Figures Checklist. Checklist wave/store slot: 7. Checklist retail: $24.99. Packaged image URL inferred from ActionFigure411 item slug pattern and checklist entry.
Masters of the Universe,Masters of the Universe,Masterverse,Mattel,2023,Revelation Action Figures Checklist - 7,Roboto,modern,ActionFigure411,https://www.actionfigure411.com/masters-of-the-universe/masterverse/revelation-action-figures/roboto-5296.php,,https://www.actionfigure411.com/masters-of-the-universe/images/roboto-5296.jpg,ActionFigure411 checklist section: Revelation Action Figures Checklist. Checklist wave/store slot: 7. Checklist retail: $24.99. Packaged image URL inferred from ActionFigure411 item slug pattern and checklist entry.
Masters of the Universe,Masters of the Universe,Masterverse,Mattel,2023,Revelation Action Figures Checklist - 8,The Sorceress,modern,ActionFigure411,https://www.actionfigure411.com/masters-of-the-universe/masterverse/revelation-action-figures/the-sorceress-5566.php,,https://www.actionfigure411.com/masters-of-the-universe/images/the-sorceress-5566.jpg,ActionFigure411 checklist section: Revelation Action Figures Checklist. Checklist wave/store slot: 8. Checklist retail: $26.99. Packaged image URL inferred from ActionFigure411 item slug pattern and checklist entry.
Masters of the Universe,Masters of the Universe,Masterverse,Mattel,2023,Revelation Action Figures Checklist - 9,Classic Mer-Man,modern,ActionFigure411,https://www.actionfigure411.com/masters-of-the-universe/masterverse/revelation-action-figures/classic-mer-man-6225.php,,https://www.actionfigure411.com/masters-of-the-universe/images/classic-mer-man-6225.jpg,ActionFigure411 checklist section: Revelation Action Figures Checklist. Checklist wave/store slot: 9. Checklist retail: $24.99. Packaged image URL inferred from ActionFigure411 item slug pattern and checklist entry.
Masters of the Universe,Masters of the Universe,Masterverse,Mattel,2023,Revelation Action Figures Checklist - SDCC,Motherboard,modern,ActionFigure411,https://www.actionfigure411.com/masters-of-the-universe/masterverse/revelation-action-figures/motherboard-7123.php,,https://www.actionfigure411.com/masters-of-the-universe/images/motherboard-7123.jpg,ActionFigure411 checklist section: Revelation Action Figures Checklist. Checklist wave/store slot: SDCC. Checklist retail: $65.00. Packaged image URL inferred from ActionFigure411 item slug pattern and checklist entry.
Masters of the Universe,Masters of the Universe,Masterverse,Mattel,2023,Revelation Deluxe Checklist,Dark-Lyn (Deluxe),modern,ActionFigure411,https://www.actionfigure411.com/masters-of-the-universe/masterverse/revelation-deluxe/dark-lyn-deluxe-5834.php,,https://www.actionfigure411.com/masters-of-the-universe/images/dark-lyn-deluxe-5834.jpg,ActionFigure411 checklist section: Revelation Deluxe Checklist. Checklist retail: $33.00. Packaged image URL inferred from ActionFigure411 item slug pattern and checklist entry.
Masters of the Universe,Masters of the Universe,Masterverse,Mattel,2023,Revelation Deluxe Checklist - 7,Man-At-Arms (Deluxe),modern,ActionFigure411,https://www.actionfigure411.com/masters-of-the-universe/masterverse/revelation-deluxe/man-at-arms-deluxe-5338.php,,https://www.actionfigure411.com/masters-of-the-universe/images/man-at-arms-deluxe-5338.jpg,ActionFigure411 checklist section: Revelation Deluxe Checklist. Checklist wave/store slot: 7. Checklist retail: $32.99. Packaged image URL inferred from ActionFigure411 item slug pattern and checklist entry.
Masters of the Universe,Masters of the Universe,Masterverse,Mattel,2023,Revolution Checklist,Battle Armor He-Man,modern,ActionFigure411,https://www.actionfigure411.com/masters-of-the-universe/masterverse/revolution/battle-armor-he-man-8164.php,,https://www.actionfigure411.com/masters-of-the-universe/images/battle-armor-he-man-8164.jpg,ActionFigure411 checklist section: Revolution Checklist. Checklist retail: $29.99. Packaged image URL inferred from ActionFigure411 item slug pattern and checklist entry.
Masters of the Universe,Masters of the Universe,Masterverse,Mattel,2023,Rulers of the Sun Checklist - 8,Pig-Head,modern,ActionFigure411,https://www.actionfigure411.com/masters-of-the-universe/masterverse/rulers-of-the-sun/pig-head-5567.php,,https://www.actionfigure411.com/masters-of-the-universe/images/pig-head-5567.jpg,ActionFigure411 checklist section: Rulers of the Sun Checklist. Checklist wave/store slot: 8. Checklist retail: $26.99. Packaged image URL inferred from ActionFigure411 item slug pattern and checklist entry.
Masters of the Universe,Masters of the Universe,Masterverse,Mattel,2024,Movie Checklist - EE,Beastman (1987 Movie),modern,ActionFigure411,https://www.actionfigure411.com/masters-of-the-universe/masterverse/movie/beastman-1987-movie-8420.php,,https://www.actionfigure411.com/masters-of-the-universe/images/beastman-1987-movie-8420.jpg,ActionFigure411 checklist section: Movie Checklist. Checklist wave/store slot: EE. Checklist retail: $21.99. Packaged image URL inferred from ActionFigure411 item slug pattern and checklist entry.
Masters of the Universe,Masters of the Universe,Masterverse,Mattel,2024,Movie Checklist - EE,Evil-Lyn,modern,ActionFigure411,https://www.actionfigure411.com/masters-of-the-universe/masterverse/movie/evil-lyn-7327.php,,https://www.actionfigure411.com/masters-of-the-universe/images/evil-lyn-7327.jpg,ActionFigure411 checklist section: Movie Checklist. Checklist wave/store slot: EE. Checklist retail: $23.99. Packaged image URL inferred from ActionFigure411 item slug pattern and checklist entry.
Masters of the Universe,Masters of the Universe,Masterverse,Mattel,2024,New Eternia Checklist,Battle Armor Skeletor,modern,ActionFigure411,https://www.actionfigure411.com/masters-of-the-universe/masterverse/new-eternia/battle-armor-skeletor-8986.php,,https://www.actionfigure411.com/masters-of-the-universe/images/battle-armor-skeletor-8986.jpg,ActionFigure411 checklist section: New Eternia Checklist. Checklist retail: $22.99. Packaged image URL inferred from ActionFigure411 item slug pattern and checklist entry.
Masters of the Universe,Masters of the Universe,Masterverse,Mattel,2024,New Eternia Checklist,Man-At-Arms,modern,ActionFigure411,https://www.actionfigure411.com/masters-of-the-universe/masterverse/new-eternia/man-at-arms-7322.php,,https://www.actionfigure411.com/masters-of-the-universe/images/man-at-arms-7322.jpg,ActionFigure411 checklist section: New Eternia Checklist. Checklist retail: $21.99. Packaged image URL inferred from ActionFigure411 item slug pattern and checklist entry.
Masters of the Universe,Masters of the Universe,Masterverse,Mattel,2024,New Eternia Checklist,Mekaneck,modern,ActionFigure411,https://www.actionfigure411.com/masters-of-the-universe/masterverse/new-eternia/mekaneck-7324.php,,https://www.actionfigure411.com/masters-of-the-universe/images/mekaneck-7324.jpg,ActionFigure411 checklist section: New Eternia Checklist. Checklist retail: $21.99. Packaged image URL inferred from ActionFigure411 item slug pattern and checklist entry.
Masters of the Universe,Masters of the Universe,Masterverse,Mattel,2024,New Eternia Checklist,Mer-Man,modern,ActionFigure411,https://www.actionfigure411.com/masters-of-the-universe/masterverse/new-eternia/mer-man-8983.php,,https://www.actionfigure411.com/masters-of-the-universe/images/mer-man-8983.jpg,ActionFigure411 checklist section: New Eternia Checklist. Checklist retail: $22.99. Packaged image URL inferred from ActionFigure411 item slug pattern and checklist entry.
Masters of the Universe,Masters of the Universe,Masterverse,Mattel,2024,New Eternia Checklist,Skelcon,modern,ActionFigure411,https://www.actionfigure411.com/masters-of-the-universe/masterverse/new-eternia/skelcon-9091.php,,https://www.actionfigure411.com/masters-of-the-universe/images/skelcon-9091.jpg,ActionFigure411 checklist section: New Eternia Checklist. Checklist retail: $23.99. Packaged image URL inferred from ActionFigure411 item slug pattern and checklist entry.
Masters of the Universe,Masters of the Universe,Masterverse,Mattel,2024,New Eternia Checklist,Sy-Klone,modern,ActionFigure411,https://www.actionfigure411.com/masters-of-the-universe/masterverse/new-eternia/sy-klone-8419.php,,https://www.actionfigure411.com/masters-of-the-universe/images/sy-klone-8419.jpg,ActionFigure411 checklist section: New Eternia Checklist. Checklist retail: $21.99. Packaged image URL inferred from ActionFigure411 item slug pattern and checklist entry.
Masters of the Universe,Masters of the Universe,Masterverse,Mattel,2024,New Eternia Checklist,Thunder Punch He-Man,modern,ActionFigure411,https://www.actionfigure411.com/masters-of-the-universe/masterverse/new-eternia/thunder-punch-he-man-8416.php,,https://www.actionfigure411.com/masters-of-the-universe/images/thunder-punch-he-man-8416.jpg,ActionFigure411 checklist section: New Eternia Checklist. Checklist retail: $21.99. Packaged image URL inferred from ActionFigure411 item slug pattern and checklist entry.
Masters of the Universe,Masters of the Universe,Masterverse,Mattel,2024,New Eternia Checklist,Trap Jaw,modern,ActionFigure411,https://www.actionfigure411.com/masters-of-the-universe/masterverse/new-eternia/trap-jaw-7321.php,,https://www.actionfigure411.com/masters-of-the-universe/images/trap-jaw-7321.jpg,ActionFigure411 checklist section: New Eternia Checklist. Checklist retail: $21.99. Packaged image URL inferred from ActionFigure411 item slug pattern and checklist entry.
Masters of the Universe,Masters of the Universe,Masterverse,Mattel,2024,New Eternia Checklist,Tri-Klops,modern,ActionFigure411,https://www.actionfigure411.com/masters-of-the-universe/masterverse/new-eternia/tri-klops-7325.php,,https://www.actionfigure411.com/masters-of-the-universe/images/tri-klops-7325.jpg,ActionFigure411 checklist section: New Eternia Checklist. Checklist retail: $21.99. Packaged image URL inferred from ActionFigure411 item slug pattern and checklist entry.
Masters of the Universe,Masters of the Universe,Masterverse,Mattel,2024,New Eternia Checklist - 15,Evil-Lyn,modern,ActionFigure411,https://www.actionfigure411.com/masters-of-the-universe/masterverse/new-eternia/evil-lyn-9098.php,,https://www.actionfigure411.com/masters-of-the-universe/images/evil-lyn-9098.jpg,ActionFigure411 checklist section: New Eternia Checklist. Checklist wave/store slot: 15. Checklist retail: $23.99. Packaged image URL inferred from ActionFigure411 item slug pattern and checklist entry.
Masters of the Universe,Masters of the Universe,Masterverse,Mattel,2024,New Eternia Checklist - 15,Fisto,modern,ActionFigure411,https://www.actionfigure411.com/masters-of-the-universe/masterverse/new-eternia/fisto-9096.php,,https://www.actionfigure411.com/masters-of-the-universe/images/fisto-9096.jpg,ActionFigure411 checklist section: New Eternia Checklist. Checklist wave/store slot: 15. Checklist retail: $23.99. Packaged image URL inferred from ActionFigure411 item slug pattern and checklist entry.
Masters of the Universe,Masters of the Universe,Masterverse,Mattel,2024,New Eternia Checklist - 15,Flying Fist He-Man,modern,ActionFigure411,https://www.actionfigure411.com/masters-of-the-universe/masterverse/new-eternia/flying-fist-he-man-9097.php,,https://www.actionfigure411.com/masters-of-the-universe/images/flying-fist-he-man-9097.jpg,ActionFigure411 checklist section: New Eternia Checklist. Checklist wave/store slot: 15. Checklist retail: $23.99. Packaged image URL inferred from ActionFigure411 item slug pattern and checklist entry.
Masters of the Universe,Masters of the Universe,Masterverse,Mattel,2024,New Eternia Checklist - Creations,Oversized Horde Trooper,modern,ActionFigure411,https://www.actionfigure411.com/masters-of-the-universe/masterverse/new-eternia/oversized-horde-trooper-8982.php,,https://www.actionfigure411.com/masters-of-the-universe/images/oversized-horde-trooper-8982.jpg,ActionFigure411 checklist section: New Eternia Checklist. Checklist wave/store slot: Creations. Checklist retail: $33.00. Packaged image URL inferred from ActionFigure411 item slug pattern and checklist entry.
Masters of the Universe,Masters of the Universe,Masterverse,Mattel,2024,Princess of Power Checklist,Leech,modern,ActionFigure411,https://www.actionfigure411.com/masters-of-the-universe/masterverse/princess-of-power/leech-8418.php,,https://www.actionfigure411.com/masters-of-the-universe/images/leech-8418.jpg,ActionFigure411 checklist section: Princess of Power Checklist. Checklist retail: $21.99. Packaged image URL inferred from ActionFigure411 item slug pattern and checklist entry.
Masters of the Universe,Masters of the Universe,Masterverse,Mattel,2024,Revelation Deluxe Checklist - EE,Orko and Gwildor,modern,ActionFigure411,https://www.actionfigure411.com/masters-of-the-universe/masterverse/revelation-deluxe/orko-and-gwildor-7326.php,,https://www.actionfigure411.com/masters-of-the-universe/images/orko-and-gwildor-7326.jpg,ActionFigure411 checklist section: Revelation Deluxe Checklist. Checklist wave/store slot: EE. Checklist retail: $39.99. Packaged image URL inferred from ActionFigure411 item slug pattern and checklist entry.
Masters of the Universe,Masters of the Universe,Masterverse,Mattel,2024,Revelation Deluxe Checklist - EE,Skeletor and Havoc Throne,modern,ActionFigure411,https://www.actionfigure411.com/masters-of-the-universe/masterverse/revelation-deluxe/skeletor-and-havoc-throne-8421.php,,https://www.actionfigure411.com/masters-of-the-universe/images/skeletor-and-havoc-throne-8421.jpg,ActionFigure411 checklist section: Revelation Deluxe Checklist. Checklist wave/store slot: EE. Checklist retail: $69.99. Packaged image URL inferred from ActionFigure411 item slug pattern and checklist entry.
Masters of the Universe,Masters of the Universe,Masterverse,Mattel,2024,Revolution Checklist,Emperor Hordak,modern,ActionFigure411,https://www.actionfigure411.com/masters-of-the-universe/masterverse/revolution/emperor-hordak-8417.php,,https://www.actionfigure411.com/masters-of-the-universe/images/emperor-hordak-8417.jpg,ActionFigure411 checklist section: Revolution Checklist. Checklist retail: $21.99. Packaged image URL inferred from ActionFigure411 item slug pattern and checklist entry.
Masters of the Universe,Masters of the Universe,Masterverse,Mattel,2024,Revolution Checklist,King Keldor,modern,ActionFigure411,https://www.actionfigure411.com/masters-of-the-universe/masterverse/revolution/king-keldor-7943.php,,https://www.actionfigure411.com/masters-of-the-universe/images/king-keldor-7943.jpg,ActionFigure411 checklist section: Revolution Checklist. Checklist retail: $21.99. Packaged image URL inferred from ActionFigure411 item slug pattern and checklist entry.
Masters of the Universe,Masters of the Universe,Masterverse,Mattel,2024,Revolution Checklist,Man-of-War,modern,ActionFigure411,https://www.actionfigure411.com/masters-of-the-universe/masterverse/revolution/man-of-war-8984.php,,https://www.actionfigure411.com/masters-of-the-universe/images/man-of-war-8984.jpg,ActionFigure411 checklist section: Revolution Checklist. Checklist retail: $22.99. Packaged image URL inferred from ActionFigure411 item slug pattern and checklist entry.
Masters of the Universe,Masters of the Universe,Masterverse,Mattel,2024,Revolution Checklist,Skeletek,modern,ActionFigure411,https://www.actionfigure411.com/masters-of-the-universe/masterverse/revolution/skeletek-7320.php,,https://www.actionfigure411.com/masters-of-the-universe/images/skeletek-7320.jpg,ActionFigure411 checklist section: Revolution Checklist. Checklist retail: $21.99. Packaged image URL inferred from ActionFigure411 item slug pattern and checklist entry.
Masters of the Universe,Masters of the Universe,Masterverse,Mattel,2024,Revolution Checklist,Sorceress Teela,modern,ActionFigure411,https://www.actionfigure411.com/masters-of-the-universe/masterverse/revolution/sorceress-teela-7319.php,,https://www.actionfigure411.com/masters-of-the-universe/images/sorceress-teela-7319.jpg,ActionFigure411 checklist section: Revolution Checklist. Checklist retail: $21.99. Packaged image URL inferred from ActionFigure411 item slug pattern and checklist entry.
Masters of the Universe,Masters of the Universe,Masterverse,Mattel,2024,Revolution Checklist,Sorceress Teela (Snake),modern,ActionFigure411,https://www.actionfigure411.com/masters-of-the-universe/masterverse/revolution/sorceress-teela-snake-8985.php,,https://www.actionfigure411.com/masters-of-the-universe/images/sorceress-teela-snake-8985.jpg,ActionFigure411 checklist section: Revolution Checklist. Checklist retail: $22.99. Packaged image URL inferred from ActionFigure411 item slug pattern and checklist entry.
Masters of the Universe,Masters of the Universe,Masterverse,Mattel,2025,Movie Checklist,Blade (1987),modern,ActionFigure411,https://www.actionfigure411.com/masters-of-the-universe/masterverse/movie/blade-1987-11000.php,,https://www.actionfigure411.com/masters-of-the-universe/images/blade-1987-11000.jpg,ActionFigure411 checklist section: Movie Checklist. Checklist retail: $23.99. Packaged image URL inferred from ActionFigure411 item slug pattern and checklist entry.
Masters of the Universe,Masters of the Universe,Masterverse,Mattel,2025,New Eternia Checklist,Beast Man,modern,ActionFigure411,https://www.actionfigure411.com/masters-of-the-universe/masterverse/new-eternia/beast-man-9390.php,,https://www.actionfigure411.com/masters-of-the-universe/images/beast-man-9390.jpg,ActionFigure411 checklist section: New Eternia Checklist. Checklist retail: $23.99. Packaged image URL inferred from ActionFigure411 item slug pattern and checklist entry.
Masters of the Universe,Masters of the Universe,Masterverse,Mattel,2025,New Eternia Checklist,King Randor,modern,ActionFigure411,https://www.actionfigure411.com/masters-of-the-universe/masterverse/new-eternia/king-randor-9392.php,,https://www.actionfigure411.com/masters-of-the-universe/images/king-randor-9392.jpg,ActionFigure411 checklist section: New Eternia Checklist. Checklist retail: $23.99. Packaged image URL inferred from ActionFigure411 item slug pattern and checklist entry.
Masters of the Universe,Masters of the Universe,Masterverse,Mattel,2025,New Eternia Checklist,Kobra Khan,modern,ActionFigure411,https://www.actionfigure411.com/masters-of-the-universe/masterverse/new-eternia/kobra-khan-11636.php,,https://www.actionfigure411.com/masters-of-the-universe/images/kobra-khan-11636.jpg,ActionFigure411 checklist section: New Eternia Checklist. Checklist retail: $23.99. Packaged image URL inferred from ActionFigure411 item slug pattern and checklist entry.
Masters of the Universe,Masters of the Universe,Masterverse,Mattel,2025,New Eternia Checklist,Ninjor,modern,ActionFigure411,https://www.actionfigure411.com/masters-of-the-universe/masterverse/new-eternia/ninjor-10557.php,,https://www.actionfigure411.com/masters-of-the-universe/images/ninjor-10557.jpg,ActionFigure411 checklist section: New Eternia Checklist. Checklist retail: $22.00. Packaged image URL inferred from ActionFigure411 item slug pattern and checklist entry.
Masters of the Universe,Masters of the Universe,Masterverse,Mattel,2025,New Eternia Checklist,Roboto,modern,ActionFigure411,https://www.actionfigure411.com/masters-of-the-universe/masterverse/new-eternia/roboto-9391.php,,https://www.actionfigure411.com/masters-of-the-universe/images/roboto-9391.jpg,ActionFigure411 checklist section: New Eternia Checklist. Checklist retail: $23.99. Packaged image URL inferred from ActionFigure411 item slug pattern and checklist entry.
Masters of the Universe,Masters of the Universe,Masterverse,Mattel,2025,New Eternia Checklist,Teela,modern,ActionFigure411,https://www.actionfigure411.com/masters-of-the-universe/masterverse/new-eternia/teela-11634.php,,https://www.actionfigure411.com/masters-of-the-universe/images/teela-11634.jpg,ActionFigure411 checklist section: New Eternia Checklist. Checklist retail: $23.99. Packaged image URL inferred from ActionFigure411 item slug pattern and checklist entry.
Masters of the Universe,Masters of the Universe,Masterverse,Mattel,2025,New Eternia Checklist,Terror Claws Skeletor,modern,ActionFigure411,https://www.actionfigure411.com/masters-of-the-universe/masterverse/new-eternia/terror-claws-skeletor-10556.php,,https://www.actionfigure411.com/masters-of-the-universe/images/terror-claws-skeletor-10556.jpg,ActionFigure411 checklist section: New Eternia Checklist. Checklist retail: $22.00. Packaged image URL inferred from ActionFigure411 item slug pattern and checklist entry.
Masters of the Universe,Masters of the Universe,Masterverse,Mattel,2025,New Eternia Checklist - Creations,Moss Man,modern,ActionFigure411,https://www.actionfigure411.com/masters-of-the-universe/masterverse/new-eternia/moss-man-11876.php,,https://www.actionfigure411.com/masters-of-the-universe/images/moss-man-11876.jpg,ActionFigure411 checklist section: New Eternia Checklist. Checklist wave/store slot: Creations. Checklist retail: $35.00. Packaged image URL inferred from ActionFigure411 item slug pattern and checklist entry.
Masters of the Universe,Masters of the Universe,Masterverse,Mattel,2025,New Eternia Checklist - Creations,Panthor,modern,ActionFigure411,https://www.actionfigure411.com/masters-of-the-universe/masterverse/new-eternia/panthor-10004.php,,https://www.actionfigure411.com/masters-of-the-universe/images/panthor-10004.jpg,ActionFigure411 checklist section: New Eternia Checklist. Checklist wave/store slot: Creations. Checklist retail: $40.00. Packaged image URL inferred from ActionFigure411 item slug pattern and checklist entry.
Masters of the Universe,Masters of the Universe,Masterverse,Mattel,2025,New Etheria Checklist,She-Ra (New Etheria),modern,ActionFigure411,https://www.actionfigure411.com/masters-of-the-universe/masterverse/new-etheria/she-ra-new-etheria-10358.php,,https://www.actionfigure411.com/masters-of-the-universe/images/she-ra-new-etheria-10358.jpg,ActionFigure411 checklist section: New Etheria Checklist. Checklist retail: $21.97. Packaged image URL inferred from ActionFigure411 item slug pattern and checklist entry.
Masters of the Universe,Masters of the Universe,Masterverse,Mattel,2025,New Etheria Checklist - Walmart,Hordak,modern,ActionFigure411,https://www.actionfigure411.com/masters-of-the-universe/masterverse/new-etheria/hordak-11385.php,,https://www.actionfigure411.com/masters-of-the-universe/images/hordak-11385.jpg,ActionFigure411 checklist section: New Etheria Checklist. Checklist wave/store slot: Walmart. Checklist retail: $21.97. Packaged image URL inferred from ActionFigure411 item slug pattern and checklist entry.
Masters of the Universe,Masters of the Universe,Masterverse,Mattel,2025,Vintage Collection Checklist,Faker,modern,ActionFigure411,https://www.actionfigure411.com/masters-of-the-universe/masterverse/vintage-collection/faker-10359.php,,https://www.actionfigure411.com/masters-of-the-universe/images/faker-10359.jpg,ActionFigure411 checklist section: Vintage Collection Checklist. Checklist retail: $21.74. Packaged image URL inferred from ActionFigure411 item slug pattern and checklist entry.
Masters of the Universe,Masters of the Universe,Masterverse,Mattel,2025,Vintage Collection Checklist,Mer-Man,modern,ActionFigure411,https://www.actionfigure411.com/masters-of-the-universe/masterverse/vintage-collection/mer-man-13279.php,,https://www.actionfigure411.com/masters-of-the-universe/images/mer-man-13279.jpg,ActionFigure411 checklist section: Vintage Collection Checklist. Checklist retail: $21.97. Packaged image URL inferred from ActionFigure411 item slug pattern and checklist entry.
Masters of the Universe,Masters of the Universe,Masterverse,Mattel,2025,Vintage Collection Checklist - Walmart,Man-At-Arms,modern,ActionFigure411,https://www.actionfigure411.com/masters-of-the-universe/masterverse/vintage-collection/man-at-arms-11384.php,,https://www.actionfigure411.com/masters-of-the-universe/images/man-at-arms-11384.jpg,ActionFigure411 checklist section: Vintage Collection Checklist. Checklist wave/store slot: Walmart. Checklist retail: $21.97. Packaged image URL inferred from ActionFigure411 item slug pattern and checklist entry.
Masters of the Universe,Masters of the Universe,Masterverse,Mattel,2025,Vintage Collection Checklist - Walmart,Skeletor,modern,ActionFigure411,https://www.actionfigure411.com/masters-of-the-universe/masterverse/vintage-collection/skeletor-10232.php,,https://www.actionfigure411.com/masters-of-the-universe/images/skeletor-10232.jpg,ActionFigure411 checklist section: Vintage Collection Checklist. Checklist wave/store slot: Walmart. Checklist retail: $24.99. Packaged image URL inferred from ActionFigure411 item slug pattern and checklist entry.
Masters of the Universe,Masters of the Universe,Masterverse,Mattel,2025,Vintage Collection Checklist - Walmart,Stratos,modern,ActionFigure411,https://www.actionfigure411.com/masters-of-the-universe/masterverse/vintage-collection/stratos-11382.php,,https://www.actionfigure411.com/masters-of-the-universe/images/stratos-11382.jpg,ActionFigure411 checklist section: Vintage Collection Checklist. Checklist wave/store slot: Walmart. Checklist retail: $21.97. Packaged image URL inferred from ActionFigure411 item slug pattern and checklist entry.
Masters of the Universe,Masters of the Universe,Masterverse,Mattel,2025,Vintage Collection Checklist - Walmart,Teela,modern,ActionFigure411,https://www.actionfigure411.com/masters-of-the-universe/masterverse/vintage-collection/teela-12882.php,,https://www.actionfigure411.com/masters-of-the-universe/images/teela-12882.jpg,ActionFigure411 checklist section: Vintage Collection Checklist. Checklist wave/store slot: Walmart. Checklist retail: $21.97. Packaged image URL inferred from ActionFigure411 item slug pattern and checklist entry.
Masters of the Universe,Masters of the Universe,Masterverse,Mattel,2025,Vintage Collection Checklist - Walmart,Zodac,modern,ActionFigure411,https://www.actionfigure411.com/masters-of-the-universe/masterverse/vintage-collection/zodac-10233.php,,https://www.actionfigure411.com/masters-of-the-universe/images/zodac-10233.jpg,ActionFigure411 checklist section: Vintage Collection Checklist. Checklist wave/store slot: Walmart. Checklist retail: $24.99. Packaged image URL inferred from ActionFigure411 item slug pattern and checklist entry.
Masters of the Universe,Masters of the Universe,Masterverse,Mattel,2026,New Eternia Checklist,Anti-Eternia He-Man,modern,ActionFigure411,https://www.actionfigure411.com/masters-of-the-universe/masterverse/new-eternia/anti-eternia-he-man-12166.php,,https://www.actionfigure411.com/masters-of-the-universe/images/anti-eternia-he-man-12166.jpg,ActionFigure411 checklist section: New Eternia Checklist. Checklist retail: $23.75. Packaged image URL inferred from ActionFigure411 item slug pattern and checklist entry.
Masters of the Universe,Masters of the Universe,Masterverse,Mattel,2026,New Eternia Checklist,Keldor,modern,ActionFigure411,https://www.actionfigure411.com/masters-of-the-universe/masterverse/new-eternia/keldor-12500.php,,https://www.actionfigure411.com/masters-of-the-universe/images/keldor-12500.jpg,ActionFigure411 checklist section: New Eternia Checklist. Checklist retail: $23.75. Packaged image URL inferred from ActionFigure411 item slug pattern and checklist entry.
Masters of the Universe,Masters of the Universe,Masterverse,Mattel,2026,New Eternia Checklist,Mantenna,modern,ActionFigure411,https://www.actionfigure411.com/masters-of-the-universe/masterverse/new-eternia/mantenna-12168.php,,https://www.actionfigure411.com/masters-of-the-universe/images/mantenna-12168.jpg,ActionFigure411 checklist section: New Eternia Checklist. Checklist retail: $23.75. Packaged image URL inferred from ActionFigure411 item slug pattern and checklist entry.
Masters of the Universe,Masters of the Universe,Masterverse,Mattel,2026,New Eternia Checklist,Mosquitor,modern,ActionFigure411,https://www.actionfigure411.com/masters-of-the-universe/masterverse/new-eternia/mosquitor-12167.php,,https://www.actionfigure411.com/masters-of-the-universe/images/mosquitor-12167.jpg,ActionFigure411 checklist section: New Eternia Checklist. Checklist retail: $23.75. Packaged image URL inferred from ActionFigure411 item slug pattern and checklist entry.
Masters of the Universe,Masters of the Universe,Masterverse,Mattel,2026,New Etheria Checklist,Despara,modern,ActionFigure411,https://www.actionfigure411.com/masters-of-the-universe/masterverse/new-etheria/despara-12499.php,,https://www.actionfigure411.com/masters-of-the-universe/images/despara-12499.jpg,ActionFigure411 checklist section: New Etheria Checklist. Checklist retail: $23.75. Packaged image URL inferred from ActionFigure411 item slug pattern and checklist entry.
Masters of the Universe,Masters of the Universe,Masterverse,Mattel,2026,New Etheria Checklist,Dragstor,modern,ActionFigure411,https://www.actionfigure411.com/masters-of-the-universe/masterverse/new-etheria/dragstor-12501.php,,https://www.actionfigure411.com/masters-of-the-universe/images/dragstor-12501.jpg,ActionFigure411 checklist section: New Etheria Checklist. Checklist retail: $23.75. Packaged image URL inferred from ActionFigure411 item slug pattern and checklist entry.
Masters of the Universe,Masters of the Universe,Masterverse,Mattel,2026,Vintage Collection Checklist - Walmart,Beast Man,modern,ActionFigure411,https://www.actionfigure411.com/masters-of-the-universe/masterverse/vintage-collection/beast-man-13253.php,,https://www.actionfigure411.com/masters-of-the-universe/images/beast-man-13253.jpg,ActionFigure411 checklist section: Vintage Collection Checklist. Checklist wave/store slot: Walmart. Checklist retail: $23.72. Packaged image URL inferred from ActionFigure411 item slug pattern and checklist entry.
